year,sales_mil,stores_dec,customers_thou,avg_spend,exist_cust_yoy,sales_per_store_mil,cust_per_store_day
2005,7223841.0,39966.0,12097198.0,597.1,-1.0,180.7,829.0
2006,7268858.0,40616.0,12241057.0,593.8,-1.7,179.0,826.0
2007,7363193.0,40929.0,12504463.0,588.8,0.1,179.9,837.0
2008,7857071.0,41714.0,13282373.0,591.5,4.2,188.4,872.0
2009,7904193.0,42629.0,13660742.0,578.6,0.5,185.4,878.0
2010,8017551.0,43372.0,13892084.0,577.1,-0.1,184.9,878.0
2011,8646927.0,44397.0,14287098.0,605.2,1.5,194.8,882.0
2012,9027205.0,46905.0,14901828.0,605.8,-0.4,192.5,870.0
2013,9388399.0,49335.0,15483091.0,606.4,-1.0,190.3,860.0
2014,9735214.0,52034.0,16061037.0,606.1,-1.1,187.1,846.0
2015,10206066.0,53004.0,16758579.0,609.0,0.2,192.6,866.0
2016,10507049.0,53628.0,17175372.0,611.8,-0.5,195.9,877.0
2017,10697520.0,55322.0,17303271.0,618.2,-1.8,193.4,857.0
2018,10964625.0,55743.0,17426651.0,629.2,-1.3,196.7,857.0
2019,11160772.0,55620.0,17458713.0,639.3,-1.6,200.7,860.0
2020,10660833.0,55924.0,15901726.0,670.4,-10.4,190.6,779.0
2021,10781613.0,55950.0,15577197.0,692.1,-2.5,192.7,763.0
2022,11177519.0,55838.0,15709687.0,711.5,0.6,200.2,771.0
2023,11659332.0,55713.0,16181360.0,720.5,2.9,209.3,796.0
2024,11795285.0,55736.0,16378402.0,720.2,0.9,211.6,805.0
2025,12058263.0,56054.0,16341422.0,737.9,-0.5,215.1,799.0
