date,house,meeting,speaker,url
2019-03-14,参議院,経済産業委員会,辰巳孝太郎,https://kokkai.ndl.go.jp/txt/119814080X00220190314/161
2019-03-14,参議院,経済産業委員会,世耕弘成,https://kokkai.ndl.go.jp/txt/119814080X00220190314/162
2019-03-14,参議院,経済産業委員会,辰巳孝太郎,https://kokkai.ndl.go.jp/txt/119814080X00220190314/163
2018-05-15,参議院,経済産業委員会,辰巳孝太郎,https://kokkai.ndl.go.jp/txt/119614080X00620180515/205
2017-03-22,参議院,経済産業委員会,辰巳孝太郎,https://kokkai.ndl.go.jp/txt/119314080X00420170322/100
2017-03-22,参議院,経済産業委員会,世耕弘成,https://kokkai.ndl.go.jp/txt/119314080X00420170322/101
2017-03-22,参議院,経済産業委員会,辰巳孝太郎,https://kokkai.ndl.go.jp/txt/119314080X00420170322/102
2016-05-02,参議院,決算委員会,住田孝之,https://kokkai.ndl.go.jp/txt/119014103X00920160502/149
2016-05-02,参議院,決算委員会,辰巳孝太郎,https://kokkai.ndl.go.jp/txt/119014103X00920160502/150
2016-05-02,参議院,決算委員会,辰巳孝太郎,https://kokkai.ndl.go.jp/txt/119014103X00920160502/154
2014-02-26,衆議院,予算委員会第七分科会,穀田恵二,https://kokkai.ndl.go.jp/txt/118605271X00120140226/248
2014-02-26,衆議院,予算委員会第七分科会,寺澤達也,https://kokkai.ndl.go.jp/txt/118605271X00120140226/249
2014-02-26,衆議院,予算委員会第七分科会,穀田恵二,https://kokkai.ndl.go.jp/txt/118605271X00120140226/250
2014-02-26,衆議院,予算委員会第七分科会,穀田恵二,https://kokkai.ndl.go.jp/txt/118605271X00120140226/252
2014-02-26,衆議院,予算委員会第七分科会,茂木敏充,https://kokkai.ndl.go.jp/txt/118605271X00120140226/253
2014-02-26,衆議院,予算委員会第七分科会,穀田恵二,https://kokkai.ndl.go.jp/txt/118605271X00120140226/260
2003-06-04,衆議院,経済産業委員会,金田誠一,https://kokkai.ndl.go.jp/txt/115604080X02020030604/87
2003-06-04,衆議院,経済産業委員会,金田誠一,https://kokkai.ndl.go.jp/txt/115604080X02020030604/89
2003-02-27,衆議院,予算委員会第二分科会,金田誠一,https://kokkai.ndl.go.jp/txt/115605272X00120030227/83
2003-02-27,衆議院,予算委員会第二分科会,金田誠一,https://kokkai.ndl.go.jp/txt/115605272X00120030227/85
2003-02-27,衆議院,予算委員会第二分科会,金田誠一,https://kokkai.ndl.go.jp/txt/115605272X00120030227/87
